,date,Kerala,Haryana,Maharashtra,Uttar Pradesh,Delhi,Karnataka,Jammu and Kashmir,Rajasthan,Andhra Pradesh,Punjab,Tamil Nadu,Telangana,Assam,Bihar,Gujarat,Meghalaya,Madhya Pradesh,Odisha,Puducherry,Tripura,West Bengal,Goa,Arunachal Pradesh,Chhattisgarh,Himachal Pradesh,Jharkhand,Manipur,Mizoram,Nagaland,Sikkim,Uttarakhand,Chandigarh,Dadra and Nagar Haveli,Daman and Diu,Lakshadweep,Andaman and Nicobar Islands,Ladakh
0,2020-03-14,"[{'confirmed': 19, 'recovered': 3, 'deaths': 0, 'active': 16}]","[{'confirmed': 14, 'recovered': 0, 'deaths': 0, 'active': 14}]","[{'confirmed': 14, 'recovered': 0, 'deaths': 0, 'active': 14}]","[{'confirmed': 12, 'recovered': 5, 'deaths': 0, 'active': 7}]","[{'confirmed': 7, 'recovered': 1, 'deaths': 1, 'active': 5}]","[{'confirmed': 6, 'recovered': 0, 'deaths': 1, 'active': 5}]","[{'confirmed': 5, 'recovered': 0, 'deaths': 0, 'active': 5}]","[{'confirmed': 3, 'recovered': 1, 'deaths': 0, 'active': 2}]","[{'confirmed': 1, 'recovered': 0, 'deaths': 0, 'active': 1}]","[{'confirmed': 1, 'recovered': 0, 'deaths': 0, 'active': 1}]","[{'confirmed': 1, 'recovered': 0, 'deaths': 0, 'active': 1}]","[{'confirmed': 1, 'recovered': 0, 'deaths': 0, 'active': 1}]","[{'confirmed': 0, 'recovered': 0, 'deaths': 0, 'active': 0}]","[{'confirmed': 0, 'recovered': 0, 'deaths': 0, 'active': 0}]","[{'confirmed': 0, 'recovered': 0, 'deaths': 0, 'active': 0}]","[{'confirmed': 0, 'recovered': 0, 'deaths': 0, 'active': 0}]","[{'confirmed': 0, 'recovered': 0, 'deaths': 0, 'active': 0}]","[{'confirmed': 0, 'recovered': 0, 'deaths': 0, 'active': 0}]","[{'confirmed': 0, 'recovered': 0, 'deaths': 0, 'active': 0}]","[{'confirmed': 0, 'recovered': 0, 'deaths': 0, 'active': 0}]","[{'confirmed': 0, 'recovered': 0, 'deaths': 0, 'active': 0}]","[{'confirmed': 0, 'recovered': 0, 'deaths': 0, 'active': 0}]","[{'confirmed': 0, 'recovered': 0, 'deaths': 0, 'active': 0}]","[{'confirmed': 0, 'recovered': 0, 'deaths': 0, 'active': 0}]","[{'confirmed': 0, 'recovered': 0, 'deaths': 0, 'active': 0}]","[{'confirmed': 0, 'recovered': 0, 'deaths': 0, 'active': 0}]","[{'confirmed': 0, 'recovered': 0, 'deaths': 0, 'active': 0}]","[{'confirmed': 0, 'recovered': 0, 'deaths': 0, 'active': 0}]","[{'confirmed': 0, 'recovered': 0, 'deaths': 0, 'active': 0}]","[{'confirmed': 0, 'recovered': 0, 'deaths': 0, 'active': 0}]","[{'confirmed': 0, 'recovered': 0, 'deaths': 0, 'active': 0}]","[{'confirmed': 0, 'recovered': 0, 'deaths': 0, 'active': 0}]","[{'confirmed': 0, 'recovered': 0, 'deaths': 0, 'active': 0}]","[{'confirmed': 0, 'recovered': 0, 'deaths': 0, 'active': 0}]","[{'confirmed': 0, 'recovered': 0, 'deaths': 0, 'active': 0}]",,
1,2020-03-15,"[{'confirmed': 24, 'recovered': 3, 'deaths': 0, 'active': 21}]","[{'confirmed': 14, 'recovered': 0, 'deaths': 0, 'active': 14}]","[{'confirmed': 31, 'recovered': 0, 'deaths': 0, 'active': 31}]","[{'confirmed': 12, 'recovered': 4, 'deaths': 0, 'active': 8}]","[{'confirmed': 7, 'recovered': 2, 'deaths': 1, 'active': 4}]","[{'confirmed': 6, 'recovered': 0, 'deaths': 1, 'active': 5}]","[{'confirmed': 5, 'recovered': 0, 'deaths': 0, 'active': 5}]","[{'confirmed': 4, 'recovered': 0, 'deaths': 0, 'active': 4}]","[{'confirmed': 1, 'recovered': 0, 'deaths': 0, 'active': 1}]","[{'confirmed': 1, 'recovered': 0, 'deaths': 0, 'active': 1}]","[{'confirmed': 1, 'recovered': 0, 'deaths': 0, 'active': 1}]","[{'confirmed': 3, 'recovered': 1, 'deaths': 0, 'active': 2}]","[{'confirmed': 0, 'recovered': 0, 'deaths': 0, 'active': 0}]","[{'confirmed': 0, 'recovered': 0, 'deaths': 0, 'active': 0}]","[{'confirmed': 0, 'recovered': 0, 'deaths': 0, 'active': 0}]","[{'confirmed': 0, 'recovered': 0, 'deaths': 0, 'active': 0}]","[{'confirmed': 0, 'recovered': 0, 'deaths': 0, 'active': 0}]","[{'confirmed': 0, 'recovered': 0, 'deaths': 0, 'active': 0}]","[{'confirmed': 0, 'recovered': 0, 'deaths': 0, 'active': 0}]","[{'confirmed': 0, 'recovered': 0, 'deaths': 0, 'active': 0}]","[{'confirmed': 0, 'recovered': 0, 'deaths': 0, 'active': 0}]","[{'confirmed': 0, 'recovered': 0, 'deaths': 0, 'active': 0}]","[{'confirmed': 0, 'recovered': 0, 'deaths': 0, 'active': 0}]","[{'confirmed': 0, 'recovered': 0, 'deaths': 0, 'active': 0}]","[{'confirmed': 0, 'recovered': 0, 'deaths': 0, 'active': 0}]","[{'confirmed': 0, 'recovered': 0, 'deaths': 0, 'active': 0}]","[{'confirmed': 0, 'recovered': 0, 'deaths': 0, 'active': 0}]","[{'confirmed': 0, 'recovered': 0, 'deaths': 0, 'active': 0}]","[{'confirmed': 0, 'recovered': 0, 'deaths': 0, 'active': 0}]","[{'confirmed': 0, 'recovered': 0, 'deaths': 0, 'active': 0}]","[{'confirmed': 1, 'recovered': 0, 'deaths': 0, 'active': 1}]","[{'confirmed': 0, 'recovered': 0, 'deaths': 0, 'active': 0}]","[{'confirmed': 0, 'recovered': 0, 'deaths': 0, 'active': 0}]","[{'confirmed': 0, 'recovered': 0, 'deaths': 0, 'active': 0}]","[{'confirmed': 0, 'recovered': 0, 'deaths': 0, 'active': 0}]","[{'confirmed': 0, 'recovered': 0, 'deaths': 0, 'active': 0}]",
2,2020-03-16,"[{'confirmed': 24, 'recovered': 3, 'deaths': 0, 'active': 21}]","[{'confirmed': 14, 'recovered': 0, 'deaths': 0, 'active': 14}]","[{'confirmed': 38, 'recovered': 0, 'deaths': 0, 'active': 38}]","[{'confirmed': 13, 'recovered': 4, 'deaths': 0, 'active': 9}]","[{'confirmed': 7, 'recovered': 2, 'deaths': 1, 'active': 4}]","[{'confirmed': 7, 'recovered': 0, 'deaths': 1, 'active': 6}]","[{'confirmed': 5, 'recovered': 0, 'deaths': 0, 'active': 5}]","[{'confirmed': 4, 'recovered': 3, 'deaths': 0, 'active': 1}]","[{'confirmed': 1, 'recovered': 0, 'deaths': 0, 'active': 1}]","[{'confirmed': 1, 'recovered': 0, 'deaths': 0, 'active': 1}]","[{'confirmed': 1, 'recovered': 1, 'deaths': 0, 'active': 0}]","[{'confirmed': 3, 'recovered': 1, 'deaths': 0, 'active': 2}]","[{'confirmed': 0, 'recovered': 0, 'deaths': 0, 'active': 0}]","[{'confirmed': 0, 'recovered': 0, 'deaths': 0, 'active': 0}]","[{'confirmed': 0, 'recovered': 0, 'deaths': 0, 'active': 0}]","[{'confirmed': 0, 'recovered': 0, 'deaths': 0, 'active': 0}]","[{'confirmed': 0, 'recovered': 0, 'deaths': 0, 'active': 0}]","[{'confirmed': 1, 'recovered': 0, 'deaths': 0, 'active': 1}]","[{'confirmed': 0, 'recovered': 0, 'deaths': 0, 'active': 0}]","[{'confirmed': 0, 'recovered': 0, 'deaths': 0, 'active': 0}]","[{'confirmed': 0, 'recovered': 0, 'deaths': 0, 'active': 0}]","[{'confirmed': 0, 'recovered': 0, 'deaths': 0, 'active': 0}]","[{'confirmed': 0, 'recovered': 0, 'deaths': 0, 'active': 0}]","[{'confirmed': 0, 'recovered': 0, 'deaths': 0, 'active': 0}]","[{'confirmed': 0, 'recovered': 0, 'deaths': 0, 'active': 0}]","[{'confirmed': 0, 'recovered': 0, 'deaths': 0, 'active': 0}]","[{'confirmed': 0, 'recovered': 0, 'deaths': 0, 'active': 0}]","[{'confirmed': 0, 'recovered': 0, 'deaths': 0, 'active': 0}]","[{'confirmed': 0, 'recovered': 0, 'deaths': 0, 'active': 0}]","[{'confirmed': 0, 'recovered': 0, 'deaths': 0, 'active': 0}]","[{'confirmed': 1, 'recovered': 0, 'deaths': 0, 'active': 1}]","[{'confirmed': 0, 'recovered': 0, 'deaths': 0, 'active': 0}]","[{'confirmed': 0, 'recovered': 0, 'deaths': 0, 'active': 0}]","[{'confirmed': 0, 'recovered': 0, 'deaths': 0, 'active': 0}]",,,
3,2020-03-17,"[{'confirmed': 27, 'recovered': 3, 'deaths': 0, 'active': 24}]","[{'confirmed': 15, 'recovered': 0, 'deaths': 0, 'active': 15}]","[{'confirmed': 41, 'recovered': 0, 'deaths': 1, 'active': 40}]","[{'confirmed': 15, 'recovered': 5, 'deaths': 0, 'active': 10}]","[{'confirmed': 8, 'recovered': 2, 'deaths': 1, 'active': 4}]","[{'confirmed': 11, 'recovered': 0, 'deaths': 1, 'active': 10}]","[{'confirmed': 9, 'recovered': 0, 'deaths': 0, 'active': 9}]","[{'confirmed': 4, 'recovered': 3, 'deaths': 0, 'active': 1}]","[{'confirmed': 1, 'recovered': 0, 'deaths': 0, 'active': 1}]","[{'confirmed': 1, 'recovered': 0, 'deaths': 0, 'active': 1}]","[{'confirmed': 1, 'recovered': 1, 'deaths': 0, 'active': 0}]","[{'confirmed': 5, 'recovered': 1, 'deaths': 0, 'active': 4}]","[{'confirmed': 0, 'recovered': 0, 'deaths': 0, 'active': 0}]","[{'confirmed': 0, 'recovered': 0, 'deaths': 0, 'active': 0}]","[{'confirmed': 0, 'recovered': 0, 'deaths': 0, 'active': 0}]","[{'confirmed': 0, 'recovered': 0, 'deaths': 0, 'active': 0}]","[{'confirmed': 0, 'recovered': 0, 'deaths': 0, 'active': 0}]","[{'confirmed': 1, 'recovered': 0, 'deaths': 0, 'active': 1}]","[{'confirmed': 1, 'recovered': 0, 'deaths': 0, 'active': 1}]","[{'confirmed': 0, 'recovered': 0, 'deaths': 0, 'active': 0}]","[{'confirmed': 1, 'recovered': 0, 'deaths': 0, 'active': 1}]","[{'confirmed': 0, 'recovered': 0, 'deaths': 0, 'active': 0}]","[{'confirmed': 0, 'recovered': 0, 'deaths': 0, 'active': 0}]","[{'confirmed': 0, 'recovered': 0, 'deaths': 0, 'active': 0}]","[{'confirmed': 0, 'recovered': 0, 'deaths': 0, 'active': 0}]","[{'confirmed': 0, 'recovered': 0, 'deaths': 0, 'active': 0}]","[{'confirmed': 0, 'recovered': 0, 'deaths': 0, 'active': 0}]","[{'confirmed': 0, 'recovered': 0, 'deaths': 0, 'active': 0}]","[{'confirmed': 0, 'recovered': 0, 'deaths': 0, 'active': 0}]","[{'confirmed': 0, 'recovered': 0, 'deaths': 0, 'active': 0}]","[{'confirmed': 1, 'recovered': 0, 'deaths': 0, 'active': 1}]","[{'confirmed': 0, 'recovered': 0, 'deaths': 0, 'active': 0}]","[{'confirmed': 0, 'recovered': 0, 'deaths': 0, 'active': 0}]","[{'confirmed': 0, 'recovered': 0, 'deaths': 0, 'active': 0}]",,,
4,2020-03-18,"[{'confirmed': 27, 'recovered': 3, 'deaths': 0, 'active': 24}]","[{'confirmed': 16, 'recovered': 0, 'deaths': 0, 'active': 16}]","[{'confirmed': 43, 'recovered': 0, 'deaths': 1, 'active': 42}]","[{'confirmed': 17, 'recovered': 5, 'deaths': 0, 'active': 12}]","[{'confirmed': 10, 'recovered': 2, 'deaths': 1, 'active': 7}]","[{'confirmed': 14, 'recovered': 0, 'deaths': 1, 'active': 13}]","[{'confirmed': 11, 'recovered': 0, 'deaths': 0, 'active': 11}]","[{'confirmed': 4, 'recovered': 3, 'deaths': 0, 'active': 1}]","[{'confirmed': 1, 'recovered': 0, 'deaths': 0, 'active': 1}]","[{'confirmed': 1, 'recovered': 0, 'deaths': 0, 'active': 1}]","[{'confirmed': 2, 'recovered': 1, 'deaths': 0, 'active': 1}]","[{'confirmed': 6, 'recovered': 1, 'deaths': 0, 'active': 5}]","[{'confirmed': 0, 'recovered': 0, 'deaths': 0, 'active': 0}]","[{'confirmed': 0, 'recovered': 0, 'deaths': 0, 'active': 0}]","[{'confirmed': 0, 'recovered': 0, 'deaths': 0, 'active': 0}]","[{'confirmed': 0, 'recovered': 0, 'deaths': 0, 'active': 0}]","[{'confirmed': 0, 'recovered': 0, 'deaths': 0, 'active': 0}]","[{'confirmed': 1, 'recovered': 0, 'deaths': 0, 'active': 1}]","[{'confirmed': 1, 'recovered': 0, 'deaths': 0, 'active': 1}]","[{'confirmed': 0, 'recovered': 0, 'deaths': 0, 'active': 0}]","[{'confirmed': 1, 'recovered': 0, 'deaths': 0, 'active': 1}]","[{'confirmed': 0, 'recovered': 0, 'deaths': 0, 'active': 0}]","[{'confirmed': 0, 'recovered': 0, 'deaths': 0, 'active': 0}]","[{'confirmed': 0, 'recovered': 0, 'deaths': 0, 'active': 0}]","[{'confirmed': 0, 'recovered': 0, 'deaths': 0, 'active': 0}]","[{'confirmed': 0, 'recovered': 0, 'deaths': 0, 'active': 0}]","[{'confirmed': 0, 'recovered': 0, 'deaths': 0, 'active': 0}]","[{'confirmed': 0, 'recovered': 0, 'deaths': 0, 'active': 0}]","[{'confirmed': 0, 'recovered': 0, 'deaths': 0, 'active': 0}]","[{'confirmed': 0, 'recovered': 0, 'deaths': 0, 'active': 0}]","[{'confirmed': 1, 'recovered': 0, 'deaths': 0, 'active': 1}]","[{'confirmed': 0, 'recovered': 0, 'deaths': 0, 'active': 0}]","[{'confirmed': 0, 'recovered': 0, 'deaths': 0, 'active': 0}]","[{'confirmed': 0, 'recovered': 0, 'deaths': 0, 'active': 0}]","[{'confirmed': 0, 'recovered': 0, 'deaths': 0, 'active': 0}]",,
5,2020-03-19,"[{'confirmed': 28, 'recovered': 3, 'deaths': 0, 'active': 25}]","[{'confirmed': 17, 'recovered': 0, 'deaths': 0, 'active': 17}]","[{'confirmed': 49, 'recovered': 0, 'deaths': 1, 'active': 48}]","[{'confirmed': 20, 'recovered': 5, 'deaths': 0, 'active': 15}]","[{'confirmed': 11, 'recovered': 2, 'deaths': 1, 'active': 8}]","[{'confirmed': 15, 'recovered': 0, 'deaths': 1, 'active': 14}]","[{'confirmed': 4, 'recovered': 0, 'deaths': 0, 'active': 4}]","[{'confirmed': 7, 'recovered': 3, 'deaths': 0, 'active': 4}]","[{'confirmed': 2, 'recovered': 0, 'deaths': 0, 'active': 2}]","[{'confirmed': 2, 'recovered': 0, 'deaths': 1, 'active': 1}]","[{'confirmed': 3, 'recovered': 1, 'deaths': 0, 'active': 2}]","[{'confirmed': 13, 'recovered': 1, 'deaths': 0, 'active': 12}]","[{'confirmed': 0, 'recovered': 0, 'deaths': 0, 'active': 0}]","[{'confirmed': 0, 'recovered': 0, 'deaths': 0, 'active': 0}]","[{'confirmed': 2, 'recovered': 0, 'deaths': 0, 'active': 2}]","[{'confirmed': 0, 'recovered': 0, 'deaths': 0, 'active': 0}]","[{'confirmed': 0, 'recovered': 0, 'deaths': 0, 'active': 0}]","[{'confirmed': 1, 'recovered': 0, 'deaths': 0, 'active': 1}]","[{'confirmed': 1, 'recovered': 0, 'deaths': 0, 'active': 1}]","[{'confirmed': 0, 'recovered': 0, 'deaths': 0, 'active': 0}]","[{'confirmed': 1, 'recovered': 0, 'deaths': 0, 'active': 1}]","[{'confirmed': 0, 'recovered': 0, 'deaths': 0, 'active': 0}]","[{'confirmed': 0, 'recovered': 0, 'deaths': 0, 'active': 0}]","[{'confirmed': 1, 'recovered': 0, 'deaths': 0, 'active': 1}]","[{'confirmed': 0, 'recovered': 0, 'deaths': 0, 'active': 0}]","[{'confirmed': 0, 'recovered': 0, 'deaths': 0, 'active': 0}]","[{'confirmed': 0, 'recovered': 0, 'deaths': 0, 'active': 0}]","[{'confirmed': 0, 'recovered': 0, 'deaths': 0, 'active': 0}]","[{'confirmed': 0, 'recovered': 0, 'deaths': 0, 'active': 0}]","[{'confirmed': 0, 'recovered': 0, 'deaths': 0, 'active': 0}]","[{'confirmed': 1, 'recovered': 0, 'deaths': 0, 'active': 1}]","[{'confirmed': 1, 'recovered': 0, 'deaths': 0, 'active': 1}]","[{'confirmed': 0, 'recovered': 0, 'deaths': 0, 'active': 0}]","[{'confirmed': 0, 'recovered': 0, 'deaths': 0, 'active': 0}]",,,"[{'confirmed': 8, 'recovered': 0, 'deaths': 0, 'active': 8}]"
6,2020-03-20,"[{'confirmed': 40, 'recovered': 3, 'deaths': 0, 'active': 37}]","[{'confirmed': 19, 'recovered': 0, 'deaths': 0, 'active': 19}]","[{'confirmed': 52, 'recovered': 0, 'deaths': 1, 'active': 51}]","[{'confirmed': 24, 'recovered': 9, 'deaths': 0, 'active': 15}]","[{'confirmed': 20, 'recovered': 5, 'deaths': 1, 'active': 14}]","[{'confirmed': 15, 'recovered': 1, 'deaths': 1, 'active': 13}]","[{'confirmed': 4, 'recovered': 0, 'deaths': 0, 'active': 4}]","[{'confirmed': 17, 'recovered': 3, 'deaths': 0, 'active': 14}]","[{'confirmed': 3, 'recovered': 0, 'deaths': 0, 'active': 3}]","[{'confirmed': 3, 'recovered': 0, 'deaths': 1, 'active': 2}]","[{'confirmed': 3, 'recovered': 1, 'deaths': 0, 'active': 2}]","[{'confirmed': 19, 'recovered': 1, 'deaths': 0, 'active': 18}]","[{'confirmed': 0, 'recovered': 0, 'deaths': 0, 'active': 0}]","[{'confirmed': 0, 'recovered': 0, 'deaths': 0, 'active': 0}]","[{'confirmed': 7, 'recovered': 0, 'deaths': 0, 'active': 7}]","[{'confirmed': 0, 'recovered': 0, 'deaths': 0, 'active': 0}]","[{'confirmed': 4, 'recovered': 0, 'deaths': 0, 'active': 4}]","[{'confirmed': 2, 'recovered': 0, 'deaths': 0, 'active': 2}]","[{'confirmed': 1, 'recovered': 0, 'deaths': 0, 'active': 1}]","[{'confirmed': 0, 'recovered': 0, 'deaths': 0, 'active': 0}]","[{'confirmed': 2, 'recovered': 0, 'deaths': 0, 'active': 2}]","[{'confirmed': 0, 'recovered': 0, 'deaths': 0, 'active': 0}]","[{'confirmed': 0, 'recovered': 0, 'deaths': 0, 'active': 0}]","[{'confirmed': 1, 'recovered': 0, 'deaths': 0, 'active': 1}]","[{'confirmed': 2, 'recovered': 0, 'deaths': 0, 'active': 2}]","[{'confirmed': 0, 'recovered': 0, 'deaths': 0, 'active': 0}]","[{'confirmed': 0, 'recovered': 0, 'deaths': 0, 'active': 0}]","[{'confirmed': 0, 'recovered': 0, 'deaths': 0, 'active': 0}]","[{'confirmed': 0, 'recovered': 0, 'deaths': 0, 'active': 0}]","[{'confirmed': 0, 'recovered': 0, 'deaths': 0, 'active': 0}]","[{'confirmed': 3, 'recovered': 0, 'deaths': 0, 'active': 3}]","[{'confirmed': 5, 'recovered': 0, 'deaths': 0, 'active': 5}]","[{'confirmed': 0, 'recovered': 0, 'deaths': 0, 'active': 0}]","[{'confirmed': 0, 'recovered': 0, 'deaths': 0, 'active': 0}]",,,"[{'confirmed': 10, 'recovered': 0, 'deaths': 0, 'active': 10}]"
7,2020-03-21,"[{'confirmed': 52, 'recovered': 3, 'deaths': 0, 'active': 49}]","[{'confirmed': 21, 'recovered': 0, 'deaths': 0, 'active': 21}]","[{'confirmed': 64, 'recovered': 0, 'deaths': 1, 'active': 63}]","[{'confirmed': 26, 'recovered': 9, 'deaths': 0, 'active': 17}]","[{'confirmed': 26, 'recovered': 5, 'deaths': 1, 'active': 20}]","[{'confirmed': 20, 'recovered': 1, 'deaths': 1, 'active': 18}]","[{'confirmed': 4, 'recovered': 0, 'deaths': 0, 'active': 4}]","[{'confirmed': 24, 'recovered': 3, 'deaths': 0, 'active': 21}]","[{'confirmed': 3, 'recovered': 0, 'deaths': 0, 'active': 3}]","[{'confirmed': 13, 'recovered': 0, 'deaths': 1, 'active': 12}]","[{'confirmed': 6, 'recovered': 1, 'deaths': 0, 'active': 5}]","[{'confirmed': 21, 'recovered': 1, 'deaths': 0, 'active': 20}]","[{'confirmed': 0, 'recovered': 0, 'deaths': 0, 'active': 0}]","[{'confirmed': 0, 'recovered': 0, 'deaths': 0, 'active': 0}]","[{'confirmed': 14, 'recovered': 0, 'deaths': 0, 'active': 14}]","[{'confirmed': 0, 'recovered': 0, 'deaths': 0, 'active': 0}]","[{'confirmed': 4, 'recovered': 0, 'deaths': 0, 'active': 4}]","[{'confirmed': 2, 'recovered': 0, 'deaths': 0, 'active': 2}]","[{'confirmed': 1, 'recovered': 0, 'deaths': 0, 'active': 1}]","[{'confirmed': 0, 'recovered': 0, 'deaths': 0, 'active': 0}]","[{'confirmed': 4, 'recovered': 0, 'deaths': 0, 'active': 4}]","[{'confirmed': 0, 'recovered': 0, 'deaths': 0, 'active': 0}]","[{'confirmed': 0, 'recovered': 0, 'deaths': 0, 'active': 0}]","[{'confirmed': 1, 'recovered': 0, 'deaths': 0, 'active': 1}]","[{'confirmed': 2, 'recovered': 0, 'deaths': 0, 'active': 2}]","[{'confirmed': 0, 'recovered': 0, 'deaths': 0, 'active': 0}]","[{'confirmed': 0, 'recovered': 0, 'deaths': 0, 'active': 0}]","[{'confirmed': 0, 'recovered': 0, 'deaths': 0, 'active': 0}]","[{'confirmed': 0, 'recovered': 0, 'deaths': 0, 'active': 0}]","[{'confirmed': 0, 'recovered': 0, 'deaths': 0, 'active': 0}]","[{'confirmed': 3, 'recovered': 0, 'deaths': 0, 'active': 3}]","[{'confirmed': 5, 'recovered': 0, 'deaths': 0, 'active': 5}]","[{'confirmed': 0, 'recovered': 0, 'deaths': 0, 'active': 0}]","[{'confirmed': 0, 'recovered': 0, 'deaths': 0, 'active': 0}]","[{'confirmed': 0, 'recovered': 0, 'deaths': 0, 'active': 0}]",,"[{'confirmed': 13, 'recovered': 0, 'deaths': 0, 'active': 13}]"
8,2020-03-22,"[{'confirmed': 67, 'recovered': 3, 'deaths': 0, 'active': 64}]","[{'confirmed': 21, 'recovered': 0, 'deaths': 0, 'active': 21}]","[{'confirmed': 74, 'recovered': 0, 'deaths': 2, 'active': 72}]","[{'confirmed': 30, 'recovered': 9, 'deaths': 0, 'active': 21}]","[{'confirmed': 27, 'recovered': 5, 'deaths': 1, 'active': 21}]","[{'confirmed': 26, 'recovered': 1, 'deaths': 1, 'active': 24}]","[{'confirmed': 4, 'recovered': 0, 'deaths': 0, 'active': 4}]","[{'confirmed': 28, 'recovered': 3, 'deaths': 0, 'active': 25}]","[{'confirmed': 6, 'recovered': 0, 'deaths': 0, 'active': 6}]","[{'confirmed': 21, 'recovered': 0, 'deaths': 1, 'active': 20}]","[{'confirmed': 9, 'recovered': 1, 'deaths': 0, 'active': 8}]","[{'confirmed': 27, 'recovered': 1, 'deaths': 0, 'active': 26}]","[{'confirmed': 0, 'recovered': 0, 'deaths': 0, 'active': 0}]","[{'confirmed': 2, 'recovered': 0, 'deaths': 1, 'active': 1}]","[{'confirmed': 18, 'recovered': 0, 'deaths': 1, 'active': 17}]","[{'confirmed': 0, 'recovered': 0, 'deaths': 0, 'active': 0}]","[{'confirmed': 6, 'recovered': 0, 'deaths': 0, 'active': 6}]","[{'confirmed': 2, 'recovered': 0, 'deaths': 0, 'active': 2}]","[{'confirmed': 1, 'recovered': 0, 'deaths': 0, 'active': 1}]","[{'confirmed': 0, 'recovered': 0, 'deaths': 0, 'active': 0}]","[{'confirmed': 7, 'recovered': 0, 'deaths': 0, 'active': 7}]","[{'confirmed': 0, 'recovered': 0, 'deaths': 0, 'active': 0}]","[{'confirmed': 0, 'recovered': 0, 'deaths': 0, 'active': 0}]","[{'confirmed': 1, 'recovered': 0, 'deaths': 0, 'active': 1}]","[{'confirmed': 2, 'recovered': 0, 'deaths': 0, 'active': 2}]","[{'confirmed': 0, 'recovered': 0, 'deaths': 0, 'active': 0}]","[{'confirmed': 0, 'recovered': 0, 'deaths': 0, 'active': 0}]","[{'confirmed': 0, 'recovered': 0, 'deaths': 0, 'active': 0}]","[{'confirmed': 0, 'recovered': 0, 'deaths': 0, 'active': 0}]","[{'confirmed': 0, 'recovered': 0, 'deaths': 0, 'active': 0}]","[{'confirmed': 3, 'recovered': 0, 'deaths': 0, 'active': 3}]","[{'confirmed': 6, 'recovered': 0, 'deaths': 0, 'active': 6}]","[{'confirmed': 0, 'recovered': 0, 'deaths': 0, 'active': 0}]","[{'confirmed': 0, 'recovered': 0, 'deaths': 0, 'active': 0}]","[{'confirmed': 0, 'recovered': 0, 'deaths': 0, 'active': 0}]",,"[{'confirmed': 13, 'recovered': 0, 'deaths': 0, 'active': 13}]"
9,2020-03-23,"[{'confirmed': 95, 'recovered': 4, 'deaths': 0, 'active': 91}]","[{'confirmed': 22, 'recovered': 0, 'deaths': 0, 'active': 22}]","[{'confirmed': 97, 'recovered': 0, 'deaths': 2, 'active': 95}]","[{'confirmed': 32, 'recovered': 9, 'deaths': 0, 'active': 23}]","[{'confirmed': 30, 'recovered': 5, 'deaths': 1, 'active': 24}]","[{'confirmed': 33, 'recovered': 2, 'deaths': 1, 'active': 30}]","[{'confirmed': 4, 'recovered': 0, 'deaths': 0, 'active': 4}]","[{'confirmed': 29, 'recovered': 3, 'deaths': 0, 'active': 26}]","[{'confirmed': 6, 'recovered': 0, 'deaths': 0, 'active': 6}]","[{'confirmed': 21, 'recovered': 0, 'deaths': 1, 'active': 20}]","[{'confirmed': 9, 'recovered': 1, 'deaths': 0, 'active': 8}]","[{'confirmed': 33, 'recovered': 1, 'deaths': 0, 'active': 32}]","[{'confirmed': 0, 'recovered': 0, 'deaths': 0, 'active': 0}]","[{'confirmed': 2, 'recovered': 0, 'deaths': 1, 'active': 1}]","[{'confirmed': 30, 'recovered': 0, 'deaths': 1, 'active': 29}]","[{'confirmed': 0, 'recovered': 0, 'deaths': 0, 'active': 0}]","[{'confirmed': 6, 'recovered': 0, 'deaths': 0, 'active': 6}]","[{'confirmed': 2, 'recovered': 0, 'deaths': 0, 'active': 2}]","[{'confirmed': 1, 'recovered': 0, 'deaths': 0, 'active': 1}]","[{'confirmed': 0, 'recovered': 0, 'deaths': 0, 'active': 0}]","[{'confirmed': 7, 'recovered': 0, 'deaths': 1, 'active': 6}]","[{'confirmed': 0, 'recovered': 0, 'deaths': 0, 'active': 0}]","[{'confirmed': 0, 'recovered': 0, 'deaths': 0, 'active': 0}]","[{'confirmed': 1, 'recovered': 0, 'deaths': 0, 'active': 1}]","[{'confirmed': 2, 'recovered': 0, 'deaths': 0, 'active': 2}]","[{'confirmed': 0, 'recovered': 0, 'deaths': 0, 'active': 0}]","[{'confirmed': 0, 'recovered': 0, 'deaths': 0, 'active': 0}]","[{'confirmed': 0, 'recovered': 0, 'deaths': 0, 'active': 0}]","[{'confirmed': 0, 'recovered': 0, 'deaths': 0, 'active': 0}]","[{'confirmed': 0, 'recovered': 0, 'deaths': 0, 'active': 0}]","[{'confirmed': 4, 'recovered': 0, 'deaths': 0, 'active': 4}]","[{'confirmed': 7, 'recovered': 0, 'deaths': 0, 'active': 7}]","[{'confirmed': 0, 'recovered': 0, 'deaths': 0, 'active': 0}]","[{'confirmed': 0, 'recovered': 0, 'deaths': 0, 'active': 0}]","[{'confirmed': 0, 'recovered': 0, 'deaths': 0, 'active': 0}]",,"[{'confirmed': 13, 'recovered': 0, 'deaths': 0, 'active': 13}]"
10,2020-03-24,"[{'confirmed': 109, 'recovered': 4, 'deaths': 0, 'active': 105}]","[{'confirmed': 30, 'recovered': 11, 'deaths': 0, 'active': 19}]","[{'confirmed': 107, 'recovered': 0, 'deaths': 2, 'active': 105}]","[{'confirmed': 35, 'recovered': 11, 'deaths': 0, 'active': 24}]","[{'confirmed': 30, 'recovered': 6, 'deaths': 1, 'active': 23}]","[{'confirmed': 41, 'recovered': 3, 'deaths': 1, 'active': 37}]","[{'confirmed': 6, 'recovered': 0, 'deaths': 0, 'active': 6}]","[{'confirmed': 32, 'recovered': 3, 'deaths': 0, 'active': 29}]","[{'confirmed': 8, 'recovered': 0, 'deaths': 0, 'active': 8}]","[{'confirmed': 29, 'recovered': 0, 'deaths': 1, 'active': 28}]","[{'confirmed': 18, 'recovered': 1, 'deaths': 1, 'active': 16}]","[{'confirmed': 37, 'recovered': 1, 'deaths': 0, 'active': 36}]","[{'confirmed': 0, 'recovered': 0, 'deaths': 0, 'active': 0}]","[{'confirmed': 3, 'recovered': 0, 'deaths': 1, 'active': 2}]","[{'confirmed': 34, 'recovered': 0, 'deaths': 1, 'active': 33}]","[{'confirmed': 0, 'recovered': 0, 'deaths': 0, 'active': 0}]","[{'confirmed': 7, 'recovered': 0, 'deaths': 0, 'active': 7}]","[{'confirmed': 2, 'recovered': 0, 'deaths': 0, 'active': 2}]","[{'confirmed': 1, 'recovered': 0, 'deaths': 0, 'active': 1}]","[{'confirmed': 0, 'recovered': 0, 'deaths': 0, 'active': 0}]","[{'confirmed': 9, 'recovered': 0, 'deaths': 1, 'active': 8}]","[{'confirmed': 0, 'recovered': 0, 'deaths': 0, 'active': 0}]","[{'confirmed': 0, 'recovered': 0, 'deaths': 0, 'active': 0}]","[{'confirmed': 1, 'recovered': 0, 'deaths': 0, 'active': 1}]","[{'confirmed': 3, 'recovered': 0, 'deaths': 1, 'active': 2}]","[{'confirmed': 0, 'recovered': 0, 'deaths': 0, 'active': 0}]","[{'confirmed': 1, 'recovered': 0, 'deaths': 0, 'active': 1}]","[{'confirmed': 0, 'recovered': 0, 'deaths': 0, 'active': 0}]","[{'confirmed': 0, 'recovered': 0, 'deaths': 0, 'active': 0}]","[{'confirmed': 0, 'recovered': 0, 'deaths': 0, 'active': 0}]","[{'confirmed': 4, 'recovered': 0, 'deaths': 0, 'active': 4}]","[{'confirmed': 7, 'recovered': 0, 'deaths': 0, 'active': 7}]","[{'confirmed': 0, 'recovered': 0, 'deaths': 0, 'active': 0}]","[{'confirmed': 0, 'recovered': 0, 'deaths': 0, 'active': 0}]","[{'confirmed': 0, 'recovered': 0, 'deaths': 0, 'active': 0}]","[{'confirmed': 0, 'recovered': 0, 'deaths': 0, 'active': 0}]","[{'confirmed': 13, 'recovered': 0, 'deaths': 0, 'active': 13}]"
11,2020-03-25,"[{'confirmed': 118, 'recovered': 4, 'deaths': 0, 'active': 114}]","[{'confirmed': 31, 'recovered': 11, 'deaths': 0, 'active': 20}]","[{'confirmed': 122, 'recovered': 1, 'deaths': 2, 'active': 119}]","[{'confirmed': 38, 'recovered': 11, 'deaths': 0, 'active': 27}]","[{'confirmed': 35, 'recovered': 6, 'deaths': 1, 'active': 28}]","[{'confirmed': 51, 'recovered': 3, 'deaths': 1, 'active': 47}]","[{'confirmed': 11, 'recovered': 1, 'deaths': 0, 'active': 10}]","[{'confirmed': 38, 'recovered': 3, 'deaths': 0, 'active': 35}]","[{'confirmed': 10, 'recovered': 1, 'deaths': 0, 'active': 9}]","[{'confirmed': 31, 'recovered': 0, 'deaths': 1, 'active': 30}]","[{'confirmed': 26, 'recovered': 1, 'deaths': 1, 'active': 24}]","[{'confirmed': 41, 'recovered': 1, 'deaths': 0, 'active': 40}]","[{'confirmed': 0, 'recovered': 0, 'deaths': 0, 'active': 0}]","[{'confirmed': 4, 'recovered': 0, 'deaths': 1, 'active': 3}]","[{'confirmed': 38, 'recovered': 0, 'deaths': 2, 'active': 36}]","[{'confirmed': 0, 'recovered': 0, 'deaths': 0, 'active': 0}]","[{'confirmed': 15, 'recovered': 0, 'deaths': 1, 'active': 14}]","[{'confirmed': 2, 'recovered': 0, 'deaths': 0, 'active': 2}]","[{'confirmed': 1, 'recovered': 0, 'deaths': 0, 'active': 1}]","[{'confirmed': 0, 'recovered': 0, 'deaths': 0, 'active': 0}]","[{'confirmed': 9, 'recovered': 0, 'deaths': 1, 'active': 8}]","[{'confirmed': 3, 'recovered': 0, 'deaths': 0, 'active': 3}]","[{'confirmed': 0, 'recovered': 0, 'deaths': 0, 'active': 0}]","[{'confirmed': 3, 'recovered': 0, 'deaths': 0, 'active': 3}]","[{'confirmed': 3, 'recovered': 0, 'deaths': 1, 'active': 2}]","[{'confirmed': 0, 'recovered': 0, 'deaths': 0, 'active': 0}]","[{'confirmed': 1, 'recovered': 0, 'deaths': 0, 'active': 1}]","[{'confirmed': 1, 'recovered': 0, 'deaths': 0, 'active': 1}]","[{'confirmed': 0, 'recovered': 0, 'deaths': 0, 'active': 0}]","[{'confirmed': 0, 'recovered': 0, 'deaths': 0, 'active': 0}]","[{'confirmed': 5, 'recovered': 0, 'deaths': 0, 'active': 5}]","[{'confirmed': 7, 'recovered': 0, 'deaths': 0, 'active': 7}]","[{'confirmed': 0, 'recovered': 0, 'deaths': 0, 'active': 0}]","[{'confirmed': 0, 'recovered': 0, 'deaths': 0, 'active': 0}]","[{'confirmed': 0, 'recovered': 0, 'deaths': 0, 'active': 0}]","[{'confirmed': 0, 'recovered': 0, 'deaths': 0, 'active': 0}]","[{'confirmed': 13, 'recovered': 0, 'deaths': 0, 'active': 13}]"
12,2020-03-26,"[{'confirmed': 137, 'recovered': 11, 'deaths': 0, 'active': 126}]","[{'confirmed': 32, 'recovered': 11, 'deaths': 0, 'active': 21}]","[{'confirmed': 125, 'recovered': 1, 'deaths': 3, 'active': 121}]","[{'confirmed': 42, 'recovered': 11, 'deaths': 0, 'active': 31}]","[{'confirmed': 36, 'recovered': 6, 'deaths': 1, 'active': 29}]","[{'confirmed': 55, 'recovered': 3, 'deaths': 2, 'active': 50}]","[{'confirmed': 14, 'recovered': 1, 'deaths': 1, 'active': 12}]","[{'confirmed': 40, 'recovered': 3, 'deaths': 0, 'active': 37}]","[{'confirmed': 11, 'recovered': 1, 'deaths': 0, 'active': 10}]","[{'confirmed': 33, 'recovered': 0, 'deaths': 1, 'active': 32}]","[{'confirmed': 29, 'recovered': 1, 'deaths': 1, 'active': 27}]","[{'confirmed': 44, 'recovered': 1, 'deaths': 0, 'active': 43}]","[{'confirmed': 0, 'recovered': 0, 'deaths': 0, 'active': 0}]","[{'confirmed': 7, 'recovered': 0, 'deaths': 1, 'active': 6}]","[{'confirmed': 43, 'recovered': 0, 'deaths': 3, 'active': 40}]","[{'confirmed': 0, 'recovered': 0, 'deaths': 0, 'active': 0}]","[{'confirmed': 20, 'recovered': 0, 'deaths': 1, 'active': 19}]","[{'confirmed': 3, 'recovered': 0, 'deaths': 0, 'active': 3}]","[{'confirmed': 1, 'recovered': 0, 'deaths': 0, 'active': 1}]","[{'confirmed': 0, 'recovered': 0, 'deaths': 0, 'active': 0}]","[{'confirmed': 10, 'recovered': 0, 'deaths': 1, 'active': 9}]","[{'confirmed': 3, 'recovered': 0, 'deaths': 0, 'active': 3}]","[{'confirmed': 0, 'recovered': 0, 'deaths': 0, 'active': 0}]","[{'confirmed': 6, 'recovered': 0, 'deaths': 0, 'active': 6}]","[{'confirmed': 3, 'recovered': 0, 'deaths': 1, 'active': 2}]","[{'confirmed': 0, 'recovered': 0, 'deaths': 0, 'active': 0}]","[{'confirmed': 1, 'recovered': 0, 'deaths': 0, 'active': 1}]","[{'confirmed': 1, 'recovered': 0, 'deaths': 0, 'active': 1}]","[{'confirmed': 0, 'recovered': 0, 'deaths': 0, 'active': 0}]","[{'confirmed': 0, 'recovered': 0, 'deaths': 0, 'active': 0}]","[{'confirmed': 5, 'recovered': 0, 'deaths': 0, 'active': 5}]","[{'confirmed': 7, 'recovered': 0, 'deaths': 0, 'active': 7}]","[{'confirmed': 0, 'recovered': 0, 'deaths': 0, 'active': 0}]","[{'confirmed': 0, 'recovered': 0, 'deaths': 0, 'active': 0}]","[{'confirmed': 0, 'recovered': 0, 'deaths': 0, 'active': 0}]","[{'confirmed': 1, 'recovered': 0, 'deaths': 0, 'active': 1}]","[{'confirmed': 13, 'recovered': 0, 'deaths': 0, 'active': 13}]"
13,2020-03-27,"[{'confirmed': 176, 'recovered': 11, 'deaths': 0, 'active': 165}]","[{'confirmed': 33, 'recovered': 11, 'deaths': 0, 'active': 22}]","[{'confirmed': 156, 'recovered': 19, 'deaths': 4, 'active': 133}]","[{'confirmed': 49, 'recovered': 11, 'deaths': 0, 'active': 38}]","[{'confirmed': 40, 'recovered': 6, 'deaths': 1, 'active': 33}]","[{'confirmed': 64, 'recovered': 5, 'deaths': 3, 'active': 56}]","[{'confirmed': 20, 'recovered': 1, 'deaths': 1, 'active': 18}]","[{'confirmed': 50, 'recovered': 3, 'deaths': 0, 'active': 47}]","[{'confirmed': 13, 'recovered': 1, 'deaths': 0, 'active': 12}]","[{'confirmed': 38, 'recovered': 1, 'deaths': 1, 'active': 36}]","[{'confirmed': 38, 'recovered': 2, 'deaths': 1, 'active': 35}]","[{'confirmed': 59, 'recovered': 1, 'deaths': 0, 'active': 58}]","[{'confirmed': 0, 'recovered': 0, 'deaths': 0, 'active': 0}]","[{'confirmed': 9, 'recovered': 0, 'deaths': 1, 'active': 8}]","[{'confirmed': 47, 'recovered': 0, 'deaths': 3, 'active': 44}]","[{'confirmed': 0, 'recovered': 0, 'deaths': 0, 'active': 0}]","[{'confirmed': 29, 'recovered': 0, 'deaths': 2, 'active': 27}]","[{'confirmed': 3, 'recovered': 0, 'deaths': 0, 'active': 3}]","[{'confirmed': 1, 'recovered': 0, 'deaths': 0, 'active': 1}]","[{'confirmed': 0, 'recovered': 0, 'deaths': 0, 'active': 0}]","[{'confirmed': 15, 'recovered': 0, 'deaths': 1, 'active': 14}]","[{'confirmed': 3, 'recovered': 0, 'deaths': 0, 'active': 3}]","[{'confirmed': 0, 'recovered': 0, 'deaths': 0, 'active': 0}]","[{'confirmed': 6, 'recovered': 0, 'deaths': 0, 'active': 6}]","[{'confirmed': 3, 'recovered': 1, 'deaths': 1, 'active': 1}]","[{'confirmed': 0, 'recovered': 0, 'deaths': 0, 'active': 0}]","[{'confirmed': 1, 'recovered': 0, 'deaths': 0, 'active': 1}]","[{'confirmed': 1, 'recovered': 0, 'deaths': 0, 'active': 1}]","[{'confirmed': 0, 'recovered': 0, 'deaths': 0, 'active': 0}]","[{'confirmed': 0, 'recovered': 0, 'deaths': 0, 'active': 0}]","[{'confirmed': 5, 'recovered': 0, 'deaths': 0, 'active': 5}]","[{'confirmed': 8, 'recovered': 0, 'deaths': 0, 'active': 8}]","[{'confirmed': 0, 'recovered': 0, 'deaths': 0, 'active': 0}]","[{'confirmed': 0, 'recovered': 0, 'deaths': 0, 'active': 0}]","[{'confirmed': 0, 'recovered': 0, 'deaths': 0, 'active': 0}]","[{'confirmed': 6, 'recovered': 0, 'deaths': 0, 'active': 6}]","[{'confirmed': 13, 'recovered': 3, 'deaths': 0, 'active': 10}]"
14,2020-03-28,"[{'confirmed': 182, 'recovered': 12, 'deaths': 1, 'active': 169}]","[{'confirmed': 35, 'recovered': 11, 'deaths': 0, 'active': 24}]","[{'confirmed': 186, 'recovered': 25, 'deaths': 6, 'active': 155}]","[{'confirmed': 65, 'recovered': 11, 'deaths': 0, 'active': 54}]","[{'confirmed': 49, 'recovered': 6, 'deaths': 1, 'active': 42}]","[{'confirmed': 81, 'recovered': 5, 'deaths': 3, 'active': 73}]","[{'confirmed': 33, 'recovered': 1, 'deaths': 1, 'active': 31}]","[{'confirmed': 54, 'recovered': 3, 'deaths': 0, 'active': 51}]","[{'confirmed': 19, 'recovered': 1, 'deaths': 0, 'active': 18}]","[{'confirmed': 38, 'recovered': 1, 'deaths': 1, 'active': 36}]","[{'confirmed': 42, 'recovered': 2, 'deaths': 1, 'active': 39}]","[{'confirmed': 67, 'recovered': 1, 'deaths': 1, 'active': 65}]","[{'confirmed': 0, 'recovered': 0, 'deaths': 0, 'active': 0}]","[{'confirmed': 11, 'recovered': 0, 'deaths': 1, 'active': 10}]","[{'confirmed': 55, 'recovered': 0, 'deaths': 4, 'active': 51}]","[{'confirmed': 0, 'recovered': 0, 'deaths': 0, 'active': 0}]","[{'confirmed': 39, 'recovered': 0, 'deaths': 2, 'active': 37}]","[{'confirmed': 3, 'recovered': 0, 'deaths': 0, 'active': 3}]","[{'confirmed': 1, 'recovered': 0, 'deaths': 0, 'active': 1}]","[{'confirmed': 0, 'recovered': 0, 'deaths': 0, 'active': 0}]","[{'confirmed': 18, 'recovered': 0, 'deaths': 1, 'active': 17}]","[{'confirmed': 3, 'recovered': 0, 'deaths': 0, 'active': 3}]","[{'confirmed': 0, 'recovered': 0, 'deaths': 0, 'active': 0}]","[{'confirmed': 7, 'recovered': 0, 'deaths': 0, 'active': 7}]","[{'confirmed': 3, 'recovered': 2, 'deaths': 1, 'active': 0}]","[{'confirmed': 0, 'recovered': 0, 'deaths': 0, 'active': 0}]","[{'confirmed': 1, 'recovered': 0, 'deaths': 0, 'active': 1}]","[{'confirmed': 1, 'recovered': 0, 'deaths': 0, 'active': 1}]","[{'confirmed': 0, 'recovered': 0, 'deaths': 0, 'active': 0}]","[{'confirmed': 0, 'recovered': 0, 'deaths': 0, 'active': 0}]","[{'confirmed': 6, 'recovered': 1, 'deaths': 0, 'active': 5}]","[{'confirmed': 8, 'recovered': 0, 'deaths': 0, 'active': 8}]","[{'confirmed': 0, 'recovered': 0, 'deaths': 0, 'active': 0}]","[{'confirmed': 0, 'recovered': 0, 'deaths': 0, 'active': 0}]","[{'confirmed': 0, 'recovered': 0, 'deaths': 0, 'active': 0}]","[{'confirmed': 9, 'recovered': 0, 'deaths': 0, 'active': 9}]","[{'confirmed': 13, 'recovered': 3, 'deaths': 0, 'active': 10}]"
15,2020-03-29,"[{'confirmed': 202, 'recovered': 16, 'deaths': 1, 'active': 185}]","[{'confirmed': 35, 'recovered': 11, 'deaths': 0, 'active': 24}]","[{'confirmed': 203, 'recovered': 25, 'deaths': 7, 'active': 171}]","[{'confirmed': 72, 'recovered': 11, 'deaths': 0, 'active': 61}]","[{'confirmed': 72, 'recovered': 6, 'deaths': 2, 'active': 64}]","[{'confirmed': 83, 'recovered': 5, 'deaths': 3, 'active': 75}]","[{'confirmed': 38, 'recovered': 1, 'deaths': 1, 'active': 36}]","[{'confirmed': 59, 'recovered': 3, 'deaths': 0, 'active': 56}]","[{'confirmed': 21, 'recovered': 1, 'deaths': 0, 'active': 20}]","[{'confirmed': 38, 'recovered': 1, 'deaths': 1, 'active': 36}]","[{'confirmed': 50, 'recovered': 2, 'deaths': 1, 'active': 47}]","[{'confirmed': 70, 'recovered': 1, 'deaths': 1, 'active': 68}]","[{'confirmed': 0, 'recovered': 0, 'deaths': 0, 'active': 0}]","[{'confirmed': 15, 'recovered': 0, 'deaths': 1, 'active': 14}]","[{'confirmed': 63, 'recovered': 1, 'deaths': 5, 'active': 57}]","[{'confirmed': 0, 'recovered': 0, 'deaths': 0, 'active': 0}]","[{'confirmed': 39, 'recovered': 0, 'deaths': 2, 'active': 37}]","[{'confirmed': 3, 'recovered': 0, 'deaths': 0, 'active': 3}]","[{'confirmed': 1, 'recovered': 0, 'deaths': 0, 'active': 1}]","[{'confirmed': 0, 'recovered': 0, 'deaths': 0, 'active': 0}]","[{'confirmed': 21, 'recovered': 0, 'deaths': 1, 'active': 20}]","[{'confirmed': 5, 'recovered': 0, 'deaths': 0, 'active': 5}]","[{'confirmed': 0, 'recovered': 0, 'deaths': 0, 'active': 0}]","[{'confirmed': 7, 'recovered': 0, 'deaths': 0, 'active': 7}]","[{'confirmed': 3, 'recovered': 2, 'deaths': 1, 'active': 0}]","[{'confirmed': 0, 'recovered': 0, 'deaths': 0, 'active': 0}]","[{'confirmed': 1, 'recovered': 0, 'deaths': 0, 'active': 1}]","[{'confirmed': 1, 'recovered': 0, 'deaths': 0, 'active': 1}]","[{'confirmed': 0, 'recovered': 0, 'deaths': 0, 'active': 0}]","[{'confirmed': 0, 'recovered': 0, 'deaths': 0, 'active': 0}]","[{'confirmed': 7, 'recovered': 1, 'deaths': 0, 'active': 6}]","[{'confirmed': 8, 'recovered': 0, 'deaths': 0, 'active': 8}]","[{'confirmed': 0, 'recovered': 0, 'deaths': 0, 'active': 0}]","[{'confirmed': 0, 'recovered': 0, 'deaths': 0, 'active': 0}]","[{'confirmed': 0, 'recovered': 0, 'deaths': 0, 'active': 0}]","[{'confirmed': 9, 'recovered': 0, 'deaths': 0, 'active': 9}]","[{'confirmed': 13, 'recovered': 3, 'deaths': 0, 'active': 10}]"
16,2020-03-30,"[{'confirmed': 234, 'recovered': 20, 'deaths': 1, 'active': 213}]","[{'confirmed': 36, 'recovered': 17, 'deaths': 0, 'active': 19}]","[{'confirmed': 238, 'recovered': 39, 'deaths': 10, 'active': 189}]","[{'confirmed': 96, 'recovered': 17, 'deaths': 0, 'active': 79}]","[{'confirmed': 97, 'recovered': 6, 'deaths': 2, 'active': 89}]","[{'confirmed': 91, 'recovered': 5, 'deaths': 3, 'active': 83}]","[{'confirmed': 49, 'recovered': 1, 'deaths': 1, 'active': 47}]","[{'confirmed': 79, 'recovered': 3, 'deaths': 0, 'active': 76}]","[{'confirmed': 23, 'recovered': 1, 'deaths': 0, 'active': 22}]","[{'confirmed': 41, 'recovered': 1, 'deaths': 3, 'active': 37}]","[{'confirmed': 67, 'recovered': 4, 'deaths': 1, 'active': 62}]","[{'confirmed': 77, 'recovered': 14, 'deaths': 8, 'active': 55}]","[{'confirmed': 0, 'recovered': 0, 'deaths': 0, 'active': 0}]","[{'confirmed': 15, 'recovered': 0, 'deaths': 1, 'active': 14}]","[{'confirmed': 70, 'recovered': 3, 'deaths': 6, 'active': 61}]","[{'confirmed': 0, 'recovered': 0, 'deaths': 0, 'active': 0}]","[{'confirmed': 47, 'recovered': 0, 'deaths': 4, 'active': 43}]","[{'confirmed': 3, 'recovered': 0, 'deaths': 0, 'active': 3}]","[{'confirmed': 1, 'recovered': 0, 'deaths': 0, 'active': 1}]","[{'confirmed': 0, 'recovered': 0, 'deaths': 0, 'active': 0}]","[{'confirmed': 22, 'recovered': 0, 'deaths': 2, 'active': 20}]","[{'confirmed': 5, 'recovered': 0, 'deaths': 0, 'active': 5}]","[{'confirmed': 0, 'recovered': 0, 'deaths': 0, 'active': 0}]","[{'confirmed': 8, 'recovered': 0, 'deaths': 0, 'active': 8}]","[{'confirmed': 3, 'recovered': 1, 'deaths': 1, 'active': 1}]","[{'confirmed': 0, 'recovered': 0, 'deaths': 0, 'active': 0}]","[{'confirmed': 1, 'recovered': 0, 'deaths': 0, 'active': 1}]","[{'confirmed': 1, 'recovered': 0, 'deaths': 0, 'active': 1}]","[{'confirmed': 0, 'recovered': 0, 'deaths': 0, 'active': 0}]","[{'confirmed': 0, 'recovered': 0, 'deaths': 0, 'active': 0}]","[{'confirmed': 7, 'recovered': 2, 'deaths': 0, 'active': 5}]","[{'confirmed': 13, 'recovered': 0, 'deaths': 0, 'active': 13}]","[{'confirmed': 0, 'recovered': 0, 'deaths': 0, 'active': 0}]","[{'confirmed': 0, 'recovered': 0, 'deaths': 0, 'active': 0}]","[{'confirmed': 0, 'recovered': 0, 'deaths': 0, 'active': 0}]","[{'confirmed': 10, 'recovered': 0, 'deaths': 0, 'active': 10}]","[{'confirmed': 13, 'recovered': 3, 'deaths': 0, 'active': 10}]"
17,2020-03-31,"[{'confirmed': 241, 'recovered': 24, 'deaths': 2, 'active': 215}]","[{'confirmed': 43, 'recovered': 17, 'deaths': 0, 'active': 26}]","[{'confirmed': 302, 'recovered': 39, 'deaths': 11, 'active': 252}]","[{'confirmed': 104, 'recovered': 17, 'deaths': 0, 'active': 87}]","[{'confirmed': 120, 'recovered': 6, 'deaths': 2, 'active': 112}]","[{'confirmed': 101, 'recovered': 8, 'deaths': 3, 'active': 90}]","[{'confirmed': 55, 'recovered': 1, 'deaths': 2, 'active': 52}]","[{'confirmed': 93, 'recovered': 3, 'deaths': 0, 'active': 90}]","[{'confirmed': 44, 'recovered': 1, 'deaths': 0, 'active': 43}]","[{'confirmed': 41, 'recovered': 1, 'deaths': 4, 'active': 36}]","[{'confirmed': 124, 'recovered': 6, 'deaths': 1, 'active': 117}]","[{'confirmed': 92, 'recovered': 14, 'deaths': 8, 'active': 70}]","[{'confirmed': 1, 'recovered': 0, 'deaths': 0, 'active': 1}]","[{'confirmed': 21, 'recovered': 0, 'deaths': 1, 'active': 20}]","[{'confirmed': 74, 'recovered': 5, 'deaths': 6, 'active': 63}]","[{'confirmed': 0, 'recovered': 0, 'deaths': 0, 'active': 0}]","[{'confirmed': 66, 'recovered': 0, 'deaths': 4, 'active': 62}]","[{'confirmed': 4, 'recovered': 0, 'deaths': 0, 'active': 4}]","[{'confirmed': 1, 'recovered': 0, 'deaths': 0, 'active': 1}]","[{'confirmed': 0, 'recovered': 0, 'deaths': 0, 'active': 0}]","[{'confirmed': 27, 'recovered': 0, 'deaths': 4, 'active': 23}]","[{'confirmed': 5, 'recovered': 0, 'deaths': 0, 'active': 5}]","[{'confirmed': 0, 'recovered': 0, 'deaths': 0, 'active': 0}]","[{'confirmed': 9, 'recovered': 2, 'deaths': 0, 'active': 7}]","[{'confirmed': 3, 'recovered': 1, 'deaths': 1, 'active': 1}]","[{'confirmed': 1, 'recovered': 0, 'deaths': 0, 'active': 1}]","[{'confirmed': 1, 'recovered': 0, 'deaths': 0, 'active': 1}]","[{'confirmed': 1, 'recovered': 0, 'deaths': 0, 'active': 1}]","[{'confirmed': 0, 'recovered': 0, 'deaths': 0, 'active': 0}]","[{'confirmed': 0, 'recovered': 0, 'deaths': 0, 'active': 0}]","[{'confirmed': 7, 'recovered': 2, 'deaths': 0, 'active': 5}]","[{'confirmed': 15, 'recovered': 0, 'deaths': 0, 'active': 15}]","[{'confirmed': 0, 'recovered': 0, 'deaths': 0, 'active': 0}]","[{'confirmed': 0, 'recovered': 0, 'deaths': 0, 'active': 0}]","[{'confirmed': 0, 'recovered': 0, 'deaths': 0, 'active': 0}]","[{'confirmed': 10, 'recovered': 0, 'deaths': 0, 'active': 10}]","[{'confirmed': 13, 'recovered': 3, 'deaths': 0, 'active': 10}]"
18,2020-04-01,"[{'confirmed': 265, 'recovered': 26, 'deaths': 2, 'active': 237}]","[{'confirmed': 43, 'recovered': 27, 'deaths': 0, 'active': 16}]","[{'confirmed': 335, 'recovered': 39, 'deaths': 14, 'active': 282}]","[{'confirmed': 117, 'recovered': 17, 'deaths': 2, 'active': 98}]","[{'confirmed': 152, 'recovered': 6, 'deaths': 2, 'active': 144}]","[{'confirmed': 110, 'recovered': 9, 'deaths': 3, 'active': 98}]","[{'confirmed': 62, 'recovered': 2, 'deaths': 2, 'active': 58}]","[{'confirmed': 120, 'recovered': 3, 'deaths': 0, 'active': 117}]","[{'confirmed': 111, 'recovered': 2, 'deaths': 0, 'active': 109}]","[{'confirmed': 46, 'recovered': 1, 'deaths': 4, 'active': 41}]","[{'confirmed': 234, 'recovered': 6, 'deaths': 1, 'active': 227}]","[{'confirmed': 97, 'recovered': 14, 'deaths': 6, 'active': 77}]","[{'confirmed': 13, 'recovered': 0, 'deaths': 0, 'active': 13}]","[{'confirmed': 24, 'recovered': 0, 'deaths': 1, 'active': 23}]","[{'confirmed': 87, 'recovered': 5, 'deaths': 6, 'active': 76}]","[{'confirmed': 0, 'recovered': 0, 'deaths': 0, 'active': 0}]","[{'confirmed': 86, 'recovered': 0, 'deaths': 6, 'active': 80}]","[{'confirmed': 5, 'recovered': 1, 'deaths': 0, 'active': 4}]","[{'confirmed': 3, 'recovered': 0, 'deaths': 0, 'active': 3}]","[{'confirmed': 0, 'recovered': 0, 'deaths': 0, 'active': 0}]","[{'confirmed': 37, 'recovered': 3, 'deaths': 6, 'active': 28}]","[{'confirmed': 5, 'recovered': 0, 'deaths': 0, 'active': 5}]","[{'confirmed': 0, 'recovered': 0, 'deaths': 0, 'active': 0}]","[{'confirmed': 9, 'recovered': 2, 'deaths': 0, 'active': 7}]","[{'confirmed': 3, 'recovered': 1, 'deaths': 1, 'active': 1}]","[{'confirmed': 1, 'recovered': 0, 'deaths': 0, 'active': 1}]","[{'confirmed': 1, 'recovered': 0, 'deaths': 0, 'active': 1}]","[{'confirmed': 1, 'recovered': 0, 'deaths': 0, 'active': 1}]","[{'confirmed': 0, 'recovered': 0, 'deaths': 0, 'active': 0}]","[{'confirmed': 0, 'recovered': 0, 'deaths': 0, 'active': 0}]","[{'confirmed': 7, 'recovered': 2, 'deaths': 0, 'active': 5}]","[{'confirmed': 17, 'recovered': 0, 'deaths': 0, 'active': 17}]","[{'confirmed': 0, 'recovered': 0, 'deaths': 0, 'active': 0}]","[{'confirmed': 0, 'recovered': 0, 'deaths': 0, 'active': 0}]","[{'confirmed': 0, 'recovered': 0, 'deaths': 0, 'active': 0}]","[{'confirmed': 10, 'recovered': 0, 'deaths': 0, 'active': 10}]","[{'confirmed': 13, 'recovered': 3, 'deaths': 0, 'active': 10}]"
19,2020-04-02,"[{'confirmed': 286, 'recovered': 28, 'deaths': 2, 'active': 256}]","[{'confirmed': 49, 'recovered': 27, 'deaths': 0, 'active': 22}]","[{'confirmed': 423, 'recovered': 42, 'deaths': 21, 'active': 360}]","[{'confirmed': 126, 'recovered': 17, 'deaths': 2, 'active': 107}]","[{'confirmed': 293, 'recovered': 8, 'deaths': 4, 'active': 281}]","[{'confirmed': 124, 'recovered': 11, 'deaths': 3, 'active': 110}]","[{'confirmed': 70, 'recovered': 3, 'deaths': 2, 'active': 65}]","[{'confirmed': 133, 'recovered': 3, 'deaths': 0, 'active': 130}]","[{'confirmed': 149, 'recovered': 2, 'deaths': 0, 'active': 147}]","[{'confirmed': 47, 'recovered': 1, 'deaths': 5, 'active': 41}]","[{'confirmed': 309, 'recovered': 6, 'deaths': 1, 'active': 302}]","[{'confirmed': 154, 'recovered': 17, 'deaths': 9, 'active': 128}]","[{'confirmed': 16, 'recovered': 0, 'deaths': 0, 'active': 16}]","[{'confirmed': 29, 'recovered': 3, 'deaths': 1, 'active': 25}]","[{'confirmed': 88, 'recovered': 10, 'deaths': 7, 'active': 71}]","[{'confirmed': 0, 'recovered': 0, 'deaths': 0, 'active': 0}]","[{'confirmed': 107, 'recovered': 0, 'deaths': 8, 'active': 99}]","[{'confirmed': 5, 'recovered': 1, 'deaths': 0, 'active': 4}]","[{'confirmed': 5, 'recovered': 0, 'deaths': 0, 'active': 5}]","[{'confirmed': 0, 'recovered': 0, 'deaths': 0, 'active': 0}]","[{'confirmed': 53, 'recovered': 3, 'deaths': 6, 'active': 44}]","[{'confirmed': 5, 'recovered': 0, 'deaths': 0, 'active': 5}]","[{'confirmed': 1, 'recovered': 0, 'deaths': 0, 'active': 1}]","[{'confirmed': 9, 'recovered': 3, 'deaths': 0, 'active': 6}]","[{'confirmed': 6, 'recovered': 1, 'deaths': 1, 'active': 4}]","[{'confirmed': 2, 'recovered': 0, 'deaths': 0, 'active': 2}]","[{'confirmed': 2, 'recovered': 0, 'deaths': 0, 'active': 2}]","[{'confirmed': 1, 'recovered': 0, 'deaths': 0, 'active': 1}]","[{'confirmed': 0, 'recovered': 0, 'deaths': 0, 'active': 0}]","[{'confirmed': 0, 'recovered': 0, 'deaths': 0, 'active': 0}]","[{'confirmed': 10, 'recovered': 2, 'deaths': 0, 'active': 8}]","[{'confirmed': 18, 'recovered': 0, 'deaths': 0, 'active': 18}]","[{'confirmed': 0, 'recovered': 0, 'deaths': 0, 'active': 0}]","[{'confirmed': 0, 'recovered': 0, 'deaths': 0, 'active': 0}]","[{'confirmed': 0, 'recovered': 0, 'deaths': 0, 'active': 0}]","[{'confirmed': 10, 'recovered': 0, 'deaths': 0, 'active': 10}]","[{'confirmed': 13, 'recovered': 3, 'deaths': 0, 'active': 10}]"
20,2020-04-03,"[{'confirmed': 295, 'recovered': 42, 'deaths': 2, 'active': 251}]","[{'confirmed': 58, 'recovered': 27, 'deaths': 0, 'active': 31}]","[{'confirmed': 490, 'recovered': 50, 'deaths': 26, 'active': 414}]","[{'confirmed': 174, 'recovered': 17, 'deaths': 2, 'active': 155}]","[{'confirmed': 386, 'recovered': 8, 'deaths': 6, 'active': 372}]","[{'confirmed': 128, 'recovered': 11, 'deaths': 4, 'active': 113}]","[{'confirmed': 75, 'recovered': 3, 'deaths': 2, 'active': 70}]","[{'confirmed': 179, 'recovered': 3, 'deaths': 0, 'active': 176}]","[{'confirmed': 164, 'recovered': 2, 'deaths': 1, 'active': 161}]","[{'confirmed': 53, 'recovered': 1, 'deaths': 5, 'active': 47}]","[{'confirmed': 411, 'recovered': 6, 'deaths': 1, 'active': 404}]","[{'confirmed': 229, 'recovered': 32, 'deaths': 11, 'active': 186}]","[{'confirmed': 23, 'recovered': 0, 'deaths': 0, 'active': 23}]","[{'confirmed': 31, 'recovered': 3, 'deaths': 1, 'active': 27}]","[{'confirmed': 95, 'recovered': 10, 'deaths': 9, 'active': 76}]","[{'confirmed': 0, 'recovered': 0, 'deaths': 0, 'active': 0}]","[{'confirmed': 154, 'recovered': 0, 'deaths': 8, 'active': 146}]","[{'confirmed': 20, 'recovered': 2, 'deaths': 0, 'active': 18}]","[{'confirmed': 5, 'recovered': 0, 'deaths': 0, 'active': 5}]","[{'confirmed': 0, 'recovered': 0, 'deaths': 0, 'active': 0}]","[{'confirmed': 53, 'recovered': 3, 'deaths': 6, 'active': 44}]","[{'confirmed': 6, 'recovered': 0, 'deaths': 0, 'active': 6}]","[{'confirmed': 1, 'recovered': 0, 'deaths': 0, 'active': 1}]","[{'confirmed': 9, 'recovered': 3, 'deaths': 0, 'active': 6}]","[{'confirmed': 6, 'recovered': 1, 'deaths': 2, 'active': 3}]","[{'confirmed': 2, 'recovered': 0, 'deaths': 0, 'active': 2}]","[{'confirmed': 2, 'recovered': 0, 'deaths': 0, 'active': 2}]","[{'confirmed': 1, 'recovered': 0, 'deaths': 0, 'active': 1}]","[{'confirmed': 0, 'recovered': 0, 'deaths': 0, 'active': 0}]","[{'confirmed': 0, 'recovered': 0, 'deaths': 0, 'active': 0}]","[{'confirmed': 16, 'recovered': 2, 'deaths': 0, 'active': 14}]","[{'confirmed': 18, 'recovered': 0, 'deaths': 0, 'active': 18}]","[{'confirmed': 0, 'recovered': 0, 'deaths': 0, 'active': 0}]","[{'confirmed': 0, 'recovered': 0, 'deaths': 0, 'active': 0}]","[{'confirmed': 0, 'recovered': 0, 'deaths': 0, 'active': 0}]","[{'confirmed': 10, 'recovered': 0, 'deaths': 0, 'active': 10}]","[{'confirmed': 14, 'recovered': 3, 'deaths': 0, 'active': 11}]"
21,2020-04-04,"[{'confirmed': 306, 'recovered': 50, 'deaths': 2, 'active': 254}]","[{'confirmed': 84, 'recovered': 29, 'deaths': 0, 'active': 55}]","[{'confirmed': 635, 'recovered': 52, 'deaths': 32, 'active': 551}]","[{'confirmed': 234, 'recovered': 21, 'deaths': 2, 'active': 211}]","[{'confirmed': 445, 'recovered': 16, 'deaths': 6, 'active': 423}]","[{'confirmed': 144, 'recovered': 11, 'deaths': 4, 'active': 129}]","[{'confirmed': 92, 'recovered': 3, 'deaths': 2, 'active': 87}]","[{'confirmed': 200, 'recovered': 25, 'deaths': 1, 'active': 174}]","[{'confirmed': 192, 'recovered': 2, 'deaths': 1, 'active': 189}]","[{'confirmed': 65, 'recovered': 3, 'deaths': 5, 'active': 57}]","[{'confirmed': 485, 'recovered': 8, 'deaths': 3, 'active': 474}]","[{'confirmed': 272, 'recovered': 33, 'deaths': 11, 'active': 228}]","[{'confirmed': 26, 'recovered': 0, 'deaths': 0, 'active': 26}]","[{'confirmed': 32, 'recovered': 3, 'deaths': 1, 'active': 28}]","[{'confirmed': 108, 'recovered': 10, 'deaths': 10, 'active': 88}]","[{'confirmed': 0, 'recovered': 0, 'deaths': 0, 'active': 0}]","[{'confirmed': 179, 'recovered': 0, 'deaths': 11, 'active': 168}]","[{'confirmed': 21, 'recovered': 2, 'deaths': 0, 'active': 19}]","[{'confirmed': 5, 'recovered': 0, 'deaths': 0, 'active': 5}]","[{'confirmed': 0, 'recovered': 0, 'deaths': 0, 'active': 0}]","[{'confirmed': 53, 'recovered': 3, 'deaths': 6, 'active': 44}]","[{'confirmed': 7, 'recovered': 0, 'deaths': 0, 'active': 7}]","[{'confirmed': 1, 'recovered': 0, 'deaths': 0, 'active': 1}]","[{'confirmed': 10, 'recovered': 3, 'deaths': 0, 'active': 7}]","[{'confirmed': 6, 'recovered': 1, 'deaths': 2, 'active': 3}]","[{'confirmed': 2, 'recovered': 0, 'deaths': 0, 'active': 2}]","[{'confirmed': 2, 'recovered': 0, 'deaths': 0, 'active': 2}]","[{'confirmed': 1, 'recovered': 0, 'deaths': 0, 'active': 1}]","[{'confirmed': 0, 'recovered': 0, 'deaths': 0, 'active': 0}]","[{'confirmed': 0, 'recovered': 0, 'deaths': 0, 'active': 0}]","[{'confirmed': 22, 'recovered': 2, 'deaths': 0, 'active': 20}]","[{'confirmed': 18, 'recovered': 3, 'deaths': 0, 'active': 15}]","[{'confirmed': 0, 'recovered': 0, 'deaths': 0, 'active': 0}]","[{'confirmed': 0, 'recovered': 0, 'deaths': 0, 'active': 0}]","[{'confirmed': 0, 'recovered': 0, 'deaths': 0, 'active': 0}]","[{'confirmed': 10, 'recovered': 0, 'deaths': 0, 'active': 10}]","[{'confirmed': 14, 'recovered': 3, 'deaths': 0, 'active': 11}]"
22,2020-04-05,"[{'confirmed': 314, 'recovered': 56, 'deaths': 2, 'active': 256}]","[{'confirmed': 90, 'recovered': 29, 'deaths': 0, 'active': 61}]","[{'confirmed': 748, 'recovered': 56, 'deaths': 45, 'active': 647}]","[{'confirmed': 278, 'recovered': 21, 'deaths': 3, 'active': 254}]","[{'confirmed': 503, 'recovered': 16, 'deaths': 7, 'active': 480}]","[{'confirmed': 151, 'recovered': 11, 'deaths': 4, 'active': 136}]","[{'confirmed': 106, 'recovered': 4, 'deaths': 2, 'active': 100}]","[{'confirmed': 266, 'recovered': 25, 'deaths': 1, 'active': 240}]","[{'confirmed': 252, 'recovered': 5, 'deaths': 1, 'active': 246}]","[{'confirmed': 68, 'recovered': 4, 'deaths': 7, 'active': 57}]","[{'confirmed': 571, 'recovered': 8, 'deaths': 5, 'active': 558}]","[{'confirmed': 334, 'recovered': 33, 'deaths': 11, 'active': 290}]","[{'confirmed': 26, 'recovered': 0, 'deaths': 0, 'active': 26}]","[{'confirmed': 32, 'recovered': 3, 'deaths': 1, 'active': 28}]","[{'confirmed': 128, 'recovered': 21, 'deaths': 11, 'active': 96}]","[{'confirmed': 0, 'recovered': 0, 'deaths': 0, 'active': 0}]","[{'confirmed': 193, 'recovered': 3, 'deaths': 13, 'active': 177}]","[{'confirmed': 39, 'recovered': 2, 'deaths': 0, 'active': 37}]","[{'confirmed': 5, 'recovered': 0, 'deaths': 0, 'active': 5}]","[{'confirmed': 0, 'recovered': 0, 'deaths': 0, 'active': 0}]","[{'confirmed': 80, 'recovered': 10, 'deaths': 3, 'active': 67}]","[{'confirmed': 7, 'recovered': 0, 'deaths': 0, 'active': 7}]","[{'confirmed': 1, 'recovered': 0, 'deaths': 0, 'active': 1}]","[{'confirmed': 10, 'recovered': 8, 'deaths': 0, 'active': 2}]","[{'confirmed': 13, 'recovered': 1, 'deaths': 2, 'active': 10}]","[{'confirmed': 3, 'recovered': 0, 'deaths': 0, 'active': 3}]","[{'confirmed': 2, 'recovered': 0, 'deaths': 0, 'active': 2}]","[{'confirmed': 1, 'recovered': 0, 'deaths': 0, 'active': 1}]","[{'confirmed': 0, 'recovered': 0, 'deaths': 0, 'active': 0}]","[{'confirmed': 0, 'recovered': 0, 'deaths': 0, 'active': 0}]","[{'confirmed': 26, 'recovered': 4, 'deaths': 0, 'active': 22}]","[{'confirmed': 18, 'recovered': 5, 'deaths': 0, 'active': 13}]","[{'confirmed': 0, 'recovered': 0, 'deaths': 0, 'active': 0}]","[{'confirmed': 0, 'recovered': 0, 'deaths': 0, 'active': 0}]","[{'confirmed': 0, 'recovered': 0, 'deaths': 0, 'active': 0}]","[{'confirmed': 10, 'recovered': 0, 'deaths': 0, 'active': 10}]","[{'confirmed': 14, 'recovered': 3, 'deaths': 0, 'active': 11}]"
23,2020-04-05,"[{'confirmed': 314, 'recovered': 56, 'deaths': 2, 'active': 256}]","[{'confirmed': 90, 'recovered': 29, 'deaths': 0, 'active': 61}]","[{'confirmed': 748, 'recovered': 56, 'deaths': 45, 'active': 647}]","[{'confirmed': 278, 'recovered': 21, 'deaths': 3, 'active': 254}]","[{'confirmed': 503, 'recovered': 16, 'deaths': 7, 'active': 480}]","[{'confirmed': 151, 'recovered': 11, 'deaths': 4, 'active': 136}]","[{'confirmed': 106, 'recovered': 4, 'deaths': 2, 'active': 100}]","[{'confirmed': 266, 'recovered': 25, 'deaths': 1, 'active': 240}]","[{'confirmed': 252, 'recovered': 5, 'deaths': 1, 'active': 246}]","[{'confirmed': 68, 'recovered': 4, 'deaths': 7, 'active': 57}]","[{'confirmed': 571, 'recovered': 8, 'deaths': 5, 'active': 558}]","[{'confirmed': 334, 'recovered': 33, 'deaths': 11, 'active': 290}]","[{'confirmed': 26, 'recovered': 0, 'deaths': 0, 'active': 26}]","[{'confirmed': 32, 'recovered': 3, 'deaths': 1, 'active': 28}]","[{'confirmed': 128, 'recovered': 21, 'deaths': 11, 'active': 96}]","[{'confirmed': 0, 'recovered': 0, 'deaths': 0, 'active': 0}]","[{'confirmed': 193, 'recovered': 3, 'deaths': 13, 'active': 177}]","[{'confirmed': 39, 'recovered': 2, 'deaths': 0, 'active': 37}]","[{'confirmed': 5, 'recovered': 0, 'deaths': 0, 'active': 5}]","[{'confirmed': 0, 'recovered': 0, 'deaths': 0, 'active': 0}]","[{'confirmed': 80, 'recovered': 10, 'deaths': 3, 'active': 67}]","[{'confirmed': 7, 'recovered': 0, 'deaths': 0, 'active': 7}]","[{'confirmed': 1, 'recovered': 0, 'deaths': 0, 'active': 1}]","[{'confirmed': 10, 'recovered': 8, 'deaths': 0, 'active': 2}]","[{'confirmed': 13, 'recovered': 1, 'deaths': 2, 'active': 10}]","[{'confirmed': 3, 'recovered': 0, 'deaths': 0, 'active': 3}]","[{'confirmed': 2, 'recovered': 0, 'deaths': 0, 'active': 2}]","[{'confirmed': 1, 'recovered': 0, 'deaths': 0, 'active': 1}]","[{'confirmed': 0, 'recovered': 0, 'deaths': 0, 'active': 0}]","[{'confirmed': 0, 'recovered': 0, 'deaths': 0, 'active': 0}]","[{'confirmed': 26, 'recovered': 4, 'deaths': 0, 'active': 22}]","[{'confirmed': 18, 'recovered': 5, 'deaths': 0, 'active': 13}]","[{'confirmed': 0, 'recovered': 0, 'deaths': 0, 'active': 0}]","[{'confirmed': 0, 'recovered': 0, 'deaths': 0, 'active': 0}]","[{'confirmed': 0, 'recovered': 0, 'deaths': 0, 'active': 0}]","[{'confirmed': 10, 'recovered': 0, 'deaths': 0, 'active': 10}]","[{'confirmed': 14, 'recovered': 3, 'deaths': 0, 'active': 11}]"
24,2020-04-06,"[{'confirmed': 327, 'recovered': 59, 'deaths': 2, 'active': 266}]","[{'confirmed': 110, 'recovered': 29, 'deaths': 2, 'active': 79}]","[{'confirmed': 868, 'recovered': 70, 'deaths': 52, 'active': 746}]","[{'confirmed': 305, 'recovered': 21, 'deaths': 3, 'active': 281}]","[{'confirmed': 525, 'recovered': 16, 'deaths': 7, 'active': 502}]","[{'confirmed': 163, 'recovered': 20, 'deaths': 4, 'active': 139}]","[{'confirmed': 109, 'recovered': 4, 'deaths': 2, 'active': 103}]","[{'confirmed': 301, 'recovered': 25, 'deaths': 2, 'active': 274}]","[{'confirmed': 303, 'recovered': 5, 'deaths': 3, 'active': 295}]","[{'confirmed': 79, 'recovered': 4, 'deaths': 7, 'active': 68}]","[{'confirmed': 621, 'recovered': 13, 'deaths': 5, 'active': 603}]","[{'confirmed': 364, 'recovered': 33, 'deaths': 11, 'active': 320}]","[{'confirmed': 26, 'recovered': 0, 'deaths': 0, 'active': 26}]","[{'confirmed': 32, 'recovered': 9, 'deaths': 1, 'active': 22}]","[{'confirmed': 146, 'recovered': 22, 'deaths': 12, 'active': 112}]","[{'confirmed': 0, 'recovered': 0, 'deaths': 0, 'active': 0}]","[{'confirmed': 256, 'recovered': 11, 'deaths': 15, 'active': 230}]","[{'confirmed': 40, 'recovered': 2, 'deaths': 0, 'active': 38}]","[{'confirmed': 5, 'recovered': 0, 'deaths': 0, 'active': 5}]","[{'confirmed': 1, 'recovered': 0, 'deaths': 0, 'active': 1}]","[{'confirmed': 80, 'recovered': 10, 'deaths': 3, 'active': 67}]","[{'confirmed': 7, 'recovered': 0, 'deaths': 0, 'active': 7}]","[{'confirmed': 1, 'recovered': 0, 'deaths': 0, 'active': 1}]","[{'confirmed': 10, 'recovered': 8, 'deaths': 0, 'active': 2}]","[{'confirmed': 18, 'recovered': 1, 'deaths': 2, 'active': 15}]","[{'confirmed': 4, 'recovered': 0, 'deaths': 0, 'active': 4}]","[{'confirmed': 2, 'recovered': 1, 'deaths': 0, 'active': 1}]","[{'confirmed': 1, 'recovered': 0, 'deaths': 0, 'active': 1}]","[{'confirmed': 0, 'recovered': 0, 'deaths': 0, 'active': 0}]","[{'confirmed': 0, 'recovered': 0, 'deaths': 0, 'active': 0}]","[{'confirmed': 31, 'recovered': 4, 'deaths': 0, 'active': 27}]","[{'confirmed': 18, 'recovered': 5, 'deaths': 0, 'active': 13}]","[{'confirmed': 1, 'recovered': 0, 'deaths': 0, 'active': 1}]","[{'confirmed': 0, 'recovered': 0, 'deaths': 0, 'active': 0}]","[{'confirmed': 0, 'recovered': 0, 'deaths': 0, 'active': 0}]","[{'confirmed': 10, 'recovered': 0, 'deaths': 0, 'active': 10}]","[{'confirmed': 14, 'recovered': 10, 'deaths': 0, 'active': 4}]"
25,2020-04-06,"[{'confirmed': 327, 'recovered': 59, 'deaths': 2, 'active': 266}]","[{'confirmed': 110, 'recovered': 29, 'deaths': 2, 'active': 79}]","[{'confirmed': 868, 'recovered': 70, 'deaths': 52, 'active': 746}]","[{'confirmed': 305, 'recovered': 21, 'deaths': 3, 'active': 281}]","[{'confirmed': 525, 'recovered': 16, 'deaths': 7, 'active': 502}]","[{'confirmed': 163, 'recovered': 20, 'deaths': 4, 'active': 139}]","[{'confirmed': 109, 'recovered': 4, 'deaths': 2, 'active': 103}]","[{'confirmed': 301, 'recovered': 25, 'deaths': 2, 'active': 274}]","[{'confirmed': 303, 'recovered': 5, 'deaths': 3, 'active': 295}]","[{'confirmed': 79, 'recovered': 4, 'deaths': 7, 'active': 68}]","[{'confirmed': 621, 'recovered': 13, 'deaths': 5, 'active': 603}]","[{'confirmed': 364, 'recovered': 33, 'deaths': 11, 'active': 320}]","[{'confirmed': 26, 'recovered': 0, 'deaths': 0, 'active': 26}]","[{'confirmed': 32, 'recovered': 9, 'deaths': 1, 'active': 22}]","[{'confirmed': 146, 'recovered': 22, 'deaths': 12, 'active': 112}]","[{'confirmed': 0, 'recovered': 0, 'deaths': 0, 'active': 0}]","[{'confirmed': 256, 'recovered': 11, 'deaths': 15, 'active': 230}]","[{'confirmed': 40, 'recovered': 2, 'deaths': 0, 'active': 38}]","[{'confirmed': 5, 'recovered': 0, 'deaths': 0, 'active': 5}]","[{'confirmed': 1, 'recovered': 0, 'deaths': 0, 'active': 1}]","[{'confirmed': 80, 'recovered': 10, 'deaths': 3, 'active': 67}]","[{'confirmed': 7, 'recovered': 0, 'deaths': 0, 'active': 7}]","[{'confirmed': 1, 'recovered': 0, 'deaths': 0, 'active': 1}]","[{'confirmed': 10, 'recovered': 8, 'deaths': 0, 'active': 2}]","[{'confirmed': 18, 'recovered': 1, 'deaths': 2, 'active': 15}]","[{'confirmed': 4, 'recovered': 0, 'deaths': 0, 'active': 4}]","[{'confirmed': 2, 'recovered': 1, 'deaths': 0, 'active': 1}]","[{'confirmed': 1, 'recovered': 0, 'deaths': 0, 'active': 1}]","[{'confirmed': 0, 'recovered': 0, 'deaths': 0, 'active': 0}]","[{'confirmed': 0, 'recovered': 0, 'deaths': 0, 'active': 0}]","[{'confirmed': 31, 'recovered': 4, 'deaths': 0, 'active': 27}]","[{'confirmed': 18, 'recovered': 5, 'deaths': 0, 'active': 13}]","[{'confirmed': 1, 'recovered': 0, 'deaths': 0, 'active': 1}]","[{'confirmed': 0, 'recovered': 0, 'deaths': 0, 'active': 0}]","[{'confirmed': 0, 'recovered': 0, 'deaths': 0, 'active': 0}]","[{'confirmed': 10, 'recovered': 0, 'deaths': 0, 'active': 10}]","[{'confirmed': 14, 'recovered': 10, 'deaths': 0, 'active': 4}]"
26,2020-04-07,"[{'confirmed': 336, 'recovered': 71, 'deaths': 2, 'active': 263}]","[{'confirmed': 143, 'recovered': 31, 'deaths': 2, 'active': 110}]","[{'confirmed': 1018, 'recovered': 79, 'deaths': 64, 'active': 875}]","[{'confirmed': 332, 'recovered': 21, 'deaths': 3, 'active': 308}]","[{'confirmed': 576, 'recovered': 20, 'deaths': 9, 'active': 547}]","[{'confirmed': 175, 'recovered': 25, 'deaths': 4, 'active': 146}]","[{'confirmed': 125, 'recovered': 4, 'deaths': 3, 'active': 118}]","[{'confirmed': 343, 'recovered': 25, 'deaths': 2, 'active': 316}]","[{'confirmed': 314, 'recovered': 5, 'deaths': 3, 'active': 306}]","[{'confirmed': 99, 'recovered': 14, 'deaths': 8, 'active': 77}]","[{'confirmed': 690, 'recovered': 19, 'deaths': 7, 'active': 664}]","[{'confirmed': 404, 'recovered': 45, 'deaths': 11, 'active': 348}]","[{'confirmed': 28, 'recovered': 0, 'deaths': 0, 'active': 28}]","[{'confirmed': 38, 'recovered': 15, 'deaths': 1, 'active': 22}]","[{'confirmed': 175, 'recovered': 25, 'deaths': 14, 'active': 136}]","[{'confirmed': 0, 'recovered': 0, 'deaths': 0, 'active': 0}]","[{'confirmed': 290, 'recovered': 21, 'deaths': 21, 'active': 248}]","[{'confirmed': 42, 'recovered': 2, 'deaths': 1, 'active': 39}]","[{'confirmed': 5, 'recovered': 1, 'deaths': 0, 'active': 4}]","[{'confirmed': 1, 'recovered': 0, 'deaths': 0, 'active': 1}]","[{'confirmed': 91, 'recovered': 13, 'deaths': 3, 'active': 75}]","[{'confirmed': 7, 'recovered': 0, 'deaths': 0, 'active': 7}]","[{'confirmed': 1, 'recovered': 0, 'deaths': 0, 'active': 1}]","[{'confirmed': 10, 'recovered': 9, 'deaths': 0, 'active': 1}]","[{'confirmed': 27, 'recovered': 1, 'deaths': 2, 'active': 24}]","[{'confirmed': 4, 'recovered': 0, 'deaths': 0, 'active': 4}]","[{'confirmed': 2, 'recovered': 1, 'deaths': 0, 'active': 1}]","[{'confirmed': 1, 'recovered': 0, 'deaths': 0, 'active': 1}]","[{'confirmed': 0, 'recovered': 0, 'deaths': 0, 'active': 0}]","[{'confirmed': 0, 'recovered': 0, 'deaths': 0, 'active': 0}]","[{'confirmed': 31, 'recovered': 4, 'deaths': 0, 'active': 27}]","[{'confirmed': 18, 'recovered': 7, 'deaths': 0, 'active': 11}]","[{'confirmed': 1, 'recovered': 0, 'deaths': 0, 'active': 1}]","[{'confirmed': 0, 'recovered': 0, 'deaths': 0, 'active': 0}]","[{'confirmed': 0, 'recovered': 0, 'deaths': 0, 'active': 0}]","[{'confirmed': 10, 'recovered': 0, 'deaths': 0, 'active': 10}]","[{'confirmed': 14, 'recovered': 10, 'deaths': 0, 'active': 4}]"
27,2020-04-07,"[{'confirmed': 336, 'recovered': 71, 'deaths': 2, 'active': 263}]","[{'confirmed': 143, 'recovered': 31, 'deaths': 2, 'active': 110}]","[{'confirmed': 1018, 'recovered': 79, 'deaths': 64, 'active': 875}]","[{'confirmed': 332, 'recovered': 21, 'deaths': 3, 'active': 308}]","[{'confirmed': 576, 'recovered': 20, 'deaths': 9, 'active': 547}]","[{'confirmed': 175, 'recovered': 25, 'deaths': 4, 'active': 146}]","[{'confirmed': 125, 'recovered': 4, 'deaths': 3, 'active': 118}]","[{'confirmed': 343, 'recovered': 25, 'deaths': 2, 'active': 316}]","[{'confirmed': 314, 'recovered': 5, 'deaths': 3, 'active': 306}]","[{'confirmed': 99, 'recovered': 14, 'deaths': 8, 'active': 77}]","[{'confirmed': 690, 'recovered': 19, 'deaths': 7, 'active': 664}]","[{'confirmed': 404, 'recovered': 45, 'deaths': 11, 'active': 348}]","[{'confirmed': 28, 'recovered': 0, 'deaths': 0, 'active': 28}]","[{'confirmed': 38, 'recovered': 15, 'deaths': 1, 'active': 22}]","[{'confirmed': 175, 'recovered': 25, 'deaths': 14, 'active': 136}]","[{'confirmed': 0, 'recovered': 0, 'deaths': 0, 'active': 0}]","[{'confirmed': 290, 'recovered': 21, 'deaths': 21, 'active': 248}]","[{'confirmed': 42, 'recovered': 2, 'deaths': 1, 'active': 39}]","[{'confirmed': 5, 'recovered': 1, 'deaths': 0, 'active': 4}]","[{'confirmed': 1, 'recovered': 0, 'deaths': 0, 'active': 1}]","[{'confirmed': 91, 'recovered': 13, 'deaths': 3, 'active': 75}]","[{'confirmed': 7, 'recovered': 0, 'deaths': 0, 'active': 7}]","[{'confirmed': 1, 'recovered': 0, 'deaths': 0, 'active': 1}]","[{'confirmed': 10, 'recovered': 9, 'deaths': 0, 'active': 1}]","[{'confirmed': 27, 'recovered': 1, 'deaths': 2, 'active': 24}]","[{'confirmed': 4, 'recovered': 0, 'deaths': 0, 'active': 4}]","[{'confirmed': 2, 'recovered': 1, 'deaths': 0, 'active': 1}]","[{'confirmed': 1, 'recovered': 0, 'deaths': 0, 'active': 1}]","[{'confirmed': 0, 'recovered': 0, 'deaths': 0, 'active': 0}]","[{'confirmed': 0, 'recovered': 0, 'deaths': 0, 'active': 0}]","[{'confirmed': 31, 'recovered': 4, 'deaths': 0, 'active': 27}]","[{'confirmed': 18, 'recovered': 7, 'deaths': 0, 'active': 11}]","[{'confirmed': 1, 'recovered': 0, 'deaths': 0, 'active': 1}]","[{'confirmed': 0, 'recovered': 0, 'deaths': 0, 'active': 0}]","[{'confirmed': 0, 'recovered': 0, 'deaths': 0, 'active': 0}]","[{'confirmed': 10, 'recovered': 0, 'deaths': 0, 'active': 10}]","[{'confirmed': 14, 'recovered': 10, 'deaths': 0, 'active': 4}]"
28,2020-04-08,"[{'confirmed': 336, 'recovered': 71, 'deaths': 2, 'active': 263}]","[{'confirmed': 143, 'recovered': 31, 'deaths': 2, 'active': 110}]","[{'confirmed': 1018, 'recovered': 79, 'deaths': 66, 'active': 873}]","[{'confirmed': 332, 'recovered': 21, 'deaths': 3, 'active': 308}]","[{'confirmed': 576, 'recovered': 20, 'deaths': 9, 'active': 547}]","[{'confirmed': 175, 'recovered': 25, 'deaths': 4, 'active': 146}]","[{'confirmed': 125, 'recovered': 4, 'deaths': 3, 'active': 118}]","[{'confirmed': 348, 'recovered': 25, 'deaths': 2, 'active': 321}]","[{'confirmed': 314, 'recovered': 5, 'deaths': 3, 'active': 306}]","[{'confirmed': 99, 'recovered': 14, 'deaths': 8, 'active': 77}]","[{'confirmed': 690, 'recovered': 19, 'deaths': 7, 'active': 664}]","[{'confirmed': 404, 'recovered': 45, 'deaths': 11, 'active': 348}]","[{'confirmed': 28, 'recovered': 0, 'deaths': 0, 'active': 28}]","[{'confirmed': 38, 'recovered': 15, 'deaths': 1, 'active': 22}]","[{'confirmed': 179, 'recovered': 25, 'deaths': 16, 'active': 138}]","[{'confirmed': 0, 'recovered': 0, 'deaths': 0, 'active': 0}]","[{'confirmed': 290, 'recovered': 21, 'deaths': 21, 'active': 248}]","[{'confirmed': 42, 'recovered': 2, 'deaths': 1, 'active': 39}]","[{'confirmed': 5, 'recovered': 1, 'deaths': 0, 'active': 4}]","[{'confirmed': 1, 'recovered': 0, 'deaths': 0, 'active': 1}]","[{'confirmed': 91, 'recovered': 13, 'deaths': 3, 'active': 75}]","[{'confirmed': 7, 'recovered': 0, 'deaths': 0, 'active': 7}]","[{'confirmed': 1, 'recovered': 0, 'deaths': 0, 'active': 1}]","[{'confirmed': 10, 'recovered': 9, 'deaths': 0, 'active': 1}]","[{'confirmed': 27, 'recovered': 1, 'deaths': 2, 'active': 24}]","[{'confirmed': 4, 'recovered': 0, 'deaths': 0, 'active': 4}]","[{'confirmed': 2, 'recovered': 1, 'deaths': 0, 'active': 1}]","[{'confirmed': 1, 'recovered': 0, 'deaths': 0, 'active': 1}]","[{'confirmed': 0, 'recovered': 0, 'deaths': 0, 'active': 0}]","[{'confirmed': 0, 'recovered': 0, 'deaths': 0, 'active': 0}]","[{'confirmed': 31, 'recovered': 4, 'deaths': 0, 'active': 27}]","[{'confirmed': 18, 'recovered': 7, 'deaths': 0, 'active': 11}]","[{'confirmed': 1, 'recovered': 0, 'deaths': 0, 'active': 1}]","[{'confirmed': 0, 'recovered': 0, 'deaths': 0, 'active': 0}]","[{'confirmed': 0, 'recovered': 0, 'deaths': 0, 'active': 0}]","[{'confirmed': 10, 'recovered': 0, 'deaths': 0, 'active': 10}]","[{'confirmed': 14, 'recovered': 10, 'deaths': 0, 'active': 4}]"
